<?xml version="1.0" encoding="UTF-8"?>
<root>
  <item name="com.atom.sdk.android.AtomManager com.atom.core.models.Country getClosestCountry(com.atom.sdk.android.IP2LocationResponse, java.lang.String) 1">
    <annotation name="androidx.annotation.StringDef">
      <val name="value" val="{com.atom.sdk.android.ProtocolType.TCP, com.atom.sdk.android.ProtocolType.UDP, com.atom.sdk.android.ProtocolType.IKEV, com.atom.sdk.android.ProtocolType.WIREGUARD}" />
    </annotation>
  </item>
  <item name="com.atom.sdk.android.AtomManager java.lang.String getCurrentVPNType()">
    <annotation name="androidx.annotation.StringDef">
      <val name="value" val="{com.atom.sdk.android.AtomManager.VPNType.OPEN_VPN, com.atom.sdk.android.AtomManager.VPNType.STRONG_SWAN, com.atom.sdk.android.AtomManager.VPNType.WIRE_GUARD}" />
    </annotation>
  </item>
  <item name="com.atom.sdk.android.AtomManager java.lang.String getCurrentVpnStatus(android.content.Context)">
    <annotation name="androidx.annotation.StringDef">
      <val name="value" val="{com.atom.sdk.android.AtomManager.VPNStatus.CONNECTED, com.atom.sdk.android.AtomManager.VPNStatus.DISCONNECTED, com.atom.sdk.android.AtomManager.VPNStatus.CONNECTING, com.atom.sdk.android.AtomManager.VPNStatus.DISCONNECTING, com.atom.sdk.android.AtomManager.VPNStatus.PAUSING, com.atom.sdk.android.AtomManager.VPNStatus.PAUSED}" />
    </annotation>
  </item>
  <item name="com.atom.sdk.android.AtomManager java.lang.String getVPNType(java.lang.String)">
    <annotation name="androidx.annotation.StringDef">
      <val name="value" val="{com.atom.sdk.android.AtomManager.VPNType.OPEN_VPN, com.atom.sdk.android.AtomManager.VPNType.STRONG_SWAN, com.atom.sdk.android.AtomManager.VPNType.WIRE_GUARD}" />
    </annotation>
  </item>
  <item name="com.atom.sdk.android.AtomManager void checkUTBDetection(java.lang.String) 0">
    <annotation name="androidx.annotation.StringDef">
      <val name="value" val="{com.atom.sdk.android.VPNStateListener.VPNState.CONNECTED, com.atom.sdk.android.VPNStateListener.VPNState.DISCONNECTED, com.atom.sdk.android.VPNStateListener.VPNState.CONNECTING, com.atom.sdk.android.VPNStateListener.VPNState.DISCONNECTING, com.atom.sdk.android.VPNStateListener.VPNState.PAUSING, com.atom.sdk.android.VPNStateListener.VPNState.PAUSED, com.atom.sdk.android.VPNStateListener.VPNState.AUTHENTICATION_FAILED, com.atom.sdk.android.VPNStateListener.VPNState.VALIDATING, com.atom.sdk.android.VPNStateListener.VPNState.GENERATING_NEW_USER, com.atom.sdk.android.VPNStateListener.VPNState.GETTING_FASTEST_SERVER, com.atom.sdk.android.VPNStateListener.VPNState.CONNECTING_DEDICATED_HOSTNAME, com.atom.sdk.android.VPNStateListener.VPNState.PINGING_SERVER, com.atom.sdk.android.VPNStateListener.VPNState.GENERIC_VPN_ERROR, com.atom.sdk.android.VPNStateListener.VPNState.UNKNOWN, com.atom.sdk.android.VPNStateListener.VPNState.WAITING_FOR_SERVER_REPLY, com.atom.sdk.android.VPNStateListener.VPNState.NO_NETWORK_AVAILABLE, com.atom.sdk.android.VPNStateListener.VPNState.WAITING_FOR_NETWORK, com.atom.sdk.android.VPNStateListener.VPNState.SERVER_REPLIED, com.atom.sdk.android.VPNStateListener.VPNState.RECONNECTING, com.atom.sdk.android.VPNStateListener.VPNState.DIAL_ERROR}" />
    </annotation>
  </item>
  <item name="com.atom.sdk.android.AtomManager void onDialError(com.atom.core.exceptions.AtomException, com.atom.sdk.android.ConnectionDetails, java.lang.String) 2">
    <annotation name="androidx.annotation.StringDef">
      <val name="value" val="{com.atom.sdk.android.VPNStateListener.VPNState.CONNECTED, com.atom.sdk.android.VPNStateListener.VPNState.DISCONNECTED, com.atom.sdk.android.VPNStateListener.VPNState.CONNECTING, com.atom.sdk.android.VPNStateListener.VPNState.DISCONNECTING, com.atom.sdk.android.VPNStateListener.VPNState.PAUSING, com.atom.sdk.android.VPNStateListener.VPNState.PAUSED, com.atom.sdk.android.VPNStateListener.VPNState.AUTHENTICATION_FAILED, com.atom.sdk.android.VPNStateListener.VPNState.VALIDATING, com.atom.sdk.android.VPNStateListener.VPNState.GENERATING_NEW_USER, com.atom.sdk.android.VPNStateListener.VPNState.GETTING_FASTEST_SERVER, com.atom.sdk.android.VPNStateListener.VPNState.CONNECTING_DEDICATED_HOSTNAME, com.atom.sdk.android.VPNStateListener.VPNState.PINGING_SERVER, com.atom.sdk.android.VPNStateListener.VPNState.GENERIC_VPN_ERROR, com.atom.sdk.android.VPNStateListener.VPNState.UNKNOWN, com.atom.sdk.android.VPNStateListener.VPNState.WAITING_FOR_SERVER_REPLY, com.atom.sdk.android.VPNStateListener.VPNState.NO_NETWORK_AVAILABLE, com.atom.sdk.android.VPNStateListener.VPNState.WAITING_FOR_NETWORK, com.atom.sdk.android.VPNStateListener.VPNState.SERVER_REPLIED, com.atom.sdk.android.VPNStateListener.VPNState.RECONNECTING, com.atom.sdk.android.VPNStateListener.VPNState.DIAL_ERROR}" />
    </annotation>
  </item>
  <item name="com.atom.sdk.android.AtomManager void onStateChange(java.lang.String) 0">
    <annotation name="androidx.annotation.StringDef">
      <val name="value" val="{com.atom.sdk.android.VPNStateListener.VPNState.CONNECTED, com.atom.sdk.android.VPNStateListener.VPNState.DISCONNECTED, com.atom.sdk.android.VPNStateListener.VPNState.CONNECTING, com.atom.sdk.android.VPNStateListener.VPNState.DISCONNECTING, com.atom.sdk.android.VPNStateListener.VPNState.PAUSING, com.atom.sdk.android.VPNStateListener.VPNState.PAUSED, com.atom.sdk.android.VPNStateListener.VPNState.AUTHENTICATION_FAILED, com.atom.sdk.android.VPNStateListener.VPNState.VALIDATING, com.atom.sdk.android.VPNStateListener.VPNState.GENERATING_NEW_USER, com.atom.sdk.android.VPNStateListener.VPNState.GETTING_FASTEST_SERVER, com.atom.sdk.android.VPNStateListener.VPNState.CONNECTING_DEDICATED_HOSTNAME, com.atom.sdk.android.VPNStateListener.VPNState.PINGING_SERVER, com.atom.sdk.android.VPNStateListener.VPNState.GENERIC_VPN_ERROR, com.atom.sdk.android.VPNStateListener.VPNState.UNKNOWN, com.atom.sdk.android.VPNStateListener.VPNState.WAITING_FOR_SERVER_REPLY, com.atom.sdk.android.VPNStateListener.VPNState.NO_NETWORK_AVAILABLE, com.atom.sdk.android.VPNStateListener.VPNState.WAITING_FOR_NETWORK, com.atom.sdk.android.VPNStateListener.VPNState.SERVER_REPLIED, com.atom.sdk.android.VPNStateListener.VPNState.RECONNECTING, com.atom.sdk.android.VPNStateListener.VPNState.DIAL_ERROR}" />
    </annotation>
  </item>
  <item name="com.atom.sdk.android.AtomManager vpnType">
    <annotation name="androidx.annotation.StringDef">
      <val name="value" val="{com.atom.sdk.android.AtomManager.VPNType.OPEN_VPN, com.atom.sdk.android.AtomManager.VPNType.STRONG_SWAN, com.atom.sdk.android.AtomManager.VPNType.WIRE_GUARD}" />
    </annotation>
  </item>
  <item name="com.atom.sdk.android.AtomManager.VPNStatus">
    <annotation name="androidx.annotation.StringDef">
      <val name="value" val="{com.atom.sdk.android.AtomManager.VPNStatus.CONNECTED, com.atom.sdk.android.AtomManager.VPNStatus.DISCONNECTED, com.atom.sdk.android.AtomManager.VPNStatus.CONNECTING, com.atom.sdk.android.AtomManager.VPNStatus.DISCONNECTING, com.atom.sdk.android.AtomManager.VPNStatus.PAUSING, com.atom.sdk.android.AtomManager.VPNStatus.PAUSED}" />
    </annotation>
  </item>
  <item name="com.atom.sdk.android.ConnectionMethod">
    <annotation name="androidx.annotation.StringDef">
      <val name="value" val="{com.atom.sdk.android.ConnectionMethod.MANUAL, com.atom.sdk.android.ConnectionMethod.PSK, com.atom.sdk.android.ConnectionMethod.PARAMS, com.atom.sdk.android.ConnectionMethod.SMART_CONNECT}" />
    </annotation>
  </item>
  <item name="com.atom.sdk.android.MPAnalyticsManager.Event">
    <annotation name="androidx.annotation.StringDef">
      <val name="value" val="{com.atom.sdk.android.MPAnalyticsManager.Event.VPN_CONNECT, com.atom.sdk.android.MPAnalyticsManager.Event.VPN_CONNECTED, com.atom.sdk.android.MPAnalyticsManager.Event.VPN_DISCONNECTED, com.atom.sdk.android.MPAnalyticsManager.Event.VPN_UNABLE_TO_CONNECT, com.atom.sdk.android.MPAnalyticsManager.Event.VPN_ATTEMPT_FAILED, com.atom.sdk.android.MPAnalyticsManager.Event.VPN_CONNECTION_CANCELLED, com.atom.sdk.android.MPAnalyticsManager.Event.API_ERROR, com.atom.sdk.android.MPAnalyticsManager.Event.API_FAILURE, com.atom.sdk.android.MPAnalyticsManager.Event.API_SUCCESS, com.atom.sdk.android.MPAnalyticsManager.Event.VPN_UNABLE_TO_ACCESS_INTERNET, com.atom.sdk.android.MPAnalyticsManager.Event.VPN_CANCEL_FAILED, com.atom.sdk.android.MPAnalyticsManager.Event.RECOMMENDED_LOCATION, com.atom.sdk.android.MPAnalyticsManager.Event.VPN_CONNECTED_SPEED, com.atom.sdk.android.MPAnalyticsManager.Event.PING_STATS, com.atom.sdk.android.MPAnalyticsManager.Event.ATOM_SHIELD_SUCCESS, com.atom.sdk.android.MPAnalyticsManager.Event.ATOM_SHIELD_FAILED, com.atom.sdk.android.MPAnalyticsManager.Event.VPN_PAUSED, com.atom.sdk.android.MPAnalyticsManager.Event.VPN_RESUME}" />
    </annotation>
  </item>
  <item name="com.atom.sdk.android.ProtocolName">
    <annotation name="androidx.annotation.StringDef">
      <val name="value" val="{com.atom.sdk.android.ProtocolName.TCP, com.atom.sdk.android.ProtocolName.UDP, com.atom.sdk.android.ProtocolName.IKEV, com.atom.sdk.android.ProtocolName.WIREGUARD}" />
    </annotation>
  </item>
  <item name="com.atom.sdk.android.ProtocolType">
    <annotation name="androidx.annotation.StringDef">
      <val name="value" val="{com.atom.sdk.android.ProtocolType.TCP, com.atom.sdk.android.ProtocolType.UDP, com.atom.sdk.android.ProtocolType.IKEV, com.atom.sdk.android.ProtocolType.WIREGUARD}" />
    </annotation>
  </item>
  <item name="com.atom.sdk.android.ServerType">
    <annotation name="androidx.annotation.StringDef">
      <val name="value" val="{com.atom.sdk.android.ServerType.WINDOWS, com.atom.sdk.android.ServerType.LINUX}" />
    </annotation>
  </item>
  <item name="com.atom.sdk.android.VPNProperties.Builder Builder(com.atom.core.models.Protocol, java.lang.String, boolean, java.lang.String) 3">
    <annotation name="androidx.annotation.StringDef">
      <val name="value" val="{com.atom.sdk.android.ServerType.WINDOWS, com.atom.sdk.android.ServerType.LINUX}" />
    </annotation>
  </item>
  <item name="com.atom.sdk.android.VPNStateListener void onStateChange(java.lang.String) 0">
    <annotation name="androidx.annotation.StringDef">
      <val name="value" val="{com.atom.sdk.android.VPNStateListener.VPNState.CONNECTED, com.atom.sdk.android.VPNStateListener.VPNState.DISCONNECTED, com.atom.sdk.android.VPNStateListener.VPNState.CONNECTING, com.atom.sdk.android.VPNStateListener.VPNState.DISCONNECTING, com.atom.sdk.android.VPNStateListener.VPNState.PAUSING, com.atom.sdk.android.VPNStateListener.VPNState.PAUSED, com.atom.sdk.android.VPNStateListener.VPNState.AUTHENTICATION_FAILED, com.atom.sdk.android.VPNStateListener.VPNState.VALIDATING, com.atom.sdk.android.VPNStateListener.VPNState.GENERATING_NEW_USER, com.atom.sdk.android.VPNStateListener.VPNState.GETTING_FASTEST_SERVER, com.atom.sdk.android.VPNStateListener.VPNState.CONNECTING_DEDICATED_HOSTNAME, com.atom.sdk.android.VPNStateListener.VPNState.PINGING_SERVER, com.atom.sdk.android.VPNStateListener.VPNState.GENERIC_VPN_ERROR, com.atom.sdk.android.VPNStateListener.VPNState.UNKNOWN, com.atom.sdk.android.VPNStateListener.VPNState.WAITING_FOR_SERVER_REPLY, com.atom.sdk.android.VPNStateListener.VPNState.NO_NETWORK_AVAILABLE, com.atom.sdk.android.VPNStateListener.VPNState.WAITING_FOR_NETWORK, com.atom.sdk.android.VPNStateListener.VPNState.SERVER_REPLIED, com.atom.sdk.android.VPNStateListener.VPNState.RECONNECTING, com.atom.sdk.android.VPNStateListener.VPNState.DIAL_ERROR}" />
    </annotation>
  </item>
  <item name="com.atom.sdk.android.VPNStateListener.VPNState">
    <annotation name="androidx.annotation.StringDef">
      <val name="value" val="{com.atom.sdk.android.VPNStateListener.VPNState.CONNECTED, com.atom.sdk.android.VPNStateListener.VPNState.DISCONNECTED, com.atom.sdk.android.VPNStateListener.VPNState.CONNECTING, com.atom.sdk.android.VPNStateListener.VPNState.DISCONNECTING, com.atom.sdk.android.VPNStateListener.VPNState.PAUSING, com.atom.sdk.android.VPNStateListener.VPNState.PAUSED, com.atom.sdk.android.VPNStateListener.VPNState.AUTHENTICATION_FAILED, com.atom.sdk.android.VPNStateListener.VPNState.VALIDATING, com.atom.sdk.android.VPNStateListener.VPNState.GENERATING_NEW_USER, com.atom.sdk.android.VPNStateListener.VPNState.GETTING_FASTEST_SERVER, com.atom.sdk.android.VPNStateListener.VPNState.CONNECTING_DEDICATED_HOSTNAME, com.atom.sdk.android.VPNStateListener.VPNState.PINGING_SERVER, com.atom.sdk.android.VPNStateListener.VPNState.GENERIC_VPN_ERROR, com.atom.sdk.android.VPNStateListener.VPNState.UNKNOWN, com.atom.sdk.android.VPNStateListener.VPNState.WAITING_FOR_SERVER_REPLY, com.atom.sdk.android.VPNStateListener.VPNState.NO_NETWORK_AVAILABLE, com.atom.sdk.android.VPNStateListener.VPNState.WAITING_FOR_NETWORK, com.atom.sdk.android.VPNStateListener.VPNState.SERVER_REPLIED, com.atom.sdk.android.VPNStateListener.VPNState.RECONNECTING, com.atom.sdk.android.VPNStateListener.VPNState.DIAL_ERROR}" />
    </annotation>
  </item>
</root>

